ia_mean,ia_std,ia_min,ia_max,ia_range,ia_cv,ia_slope,ia_skew,ia_kurt,ia_mean_diff,ia_fft_dominant_freq,freq_mean,freq_std,freq_min,freq_max,freq_range,freq_cv,freq_slope,freq_skew,freq_kurt,freq_mean_diff,freq_fft_dominant_freq,motor_u_v_mean,motor_u_v_std,motor_u_v_min,motor_u_v_max,motor_u_v_range,motor_u_v_cv,motor_u_v_slope,motor_u_v_skew,motor_u_v_kurt,motor_u_v_mean_diff,motor_u_v_fft_dominant_freq,p_kw_mean,p_kw_std,p_kw_min,p_kw_max,p_kw_range,p_kw_cv,p_kw_slope,p_kw_skew,p_kw_kurt,p_kw_mean_diff,p_kw_fft_dominant_freq,s_kva_mean,s_kva_std,s_kva_min,s_kva_max,s_kva_range,s_kva_cv,s_kva_slope,s_kva_skew,s_kva_kurt,s_kva_mean_diff,s_kva_fft_dominant_freq,cos_phi_mean,cos_phi_std,cos_phi_min,cos_phi_max,cos_phi_range,cos_phi_cv,cos_phi_slope,cos_phi_skew,cos_phi_kurt,cos_phi_mean_diff,cos_phi_fft_dominant_freq,load_pct_mean,load_pct_std,load_pct_min,load_pct_max,load_pct_range,load_pct_cv,load_pct_slope,load_pct_skew,load_pct_kurt,load_pct_mean_diff,load_pct_fft_dominant_freq,r_kohm_mean,r_kohm_std,r_kohm_min,r_kohm_max,r_kohm_range,r_kohm_cv,r_kohm_slope,r_kohm_skew,r_kohm_kurt,r_kohm_mean_diff,r_kohm_fft_dominant_freq,pintake_mean,pintake_std,pintake_min,pintake_max,pintake_range,pintake_cv,pintake_slope,pintake_skew,pintake_kurt,pintake_mean_diff,pintake_fft_dominant_freq,pdescarga_mean,pdescarga_std,pdescarga_min,pdescarga_max,pdescarga_range,pdescarga_cv,pdescarga_slope,pdescarga_skew,pdescarga_kurt,pdescarga_mean_diff,pdescarga_fft_dominant_freq,tmotor_mean,tmotor_std,tmotor_min,tmotor_max,tmotor_range,tmotor_cv,tmotor_slope,tmotor_skew,tmotor_kurt,tmotor_mean_diff,tmotor_fft_dominant_freq,tliq_mean,tliq_std,tliq_min,tliq_max,tliq_range,tliq_cv,tliq_slope,tliq_skew,tliq_kurt,tliq_mean_diff,tliq_fft_dominant_freq,vibr_xy_g_mean,vibr_xy_g_std,vibr_xy_g_min,vibr_xy_g_max,vibr_xy_g_range,vibr_xy_g_cv,vibr_xy_g_slope,vibr_xy_g_skew,vibr_xy_g_kurt,vibr_xy_g_mean_diff,vibr_xy_g_fft_dominant_freq,vibr_z_g_mean,vibr_z_g_std,vibr_z_g_min,vibr_z_g_max,vibr_z_g_range,vibr_z_g_cv,vibr_z_g_slope,vibr_z_g_skew,vibr_z_g_kurt,vibr_z_g_mean_diff,vibr_z_g_fft_dominant_freq,failure
6.853094832481545,7.439494088660732,0.0,17.8,17.8,1.085567071595133,-0.002100129379182,0.2249862405900864,-1.844840326343029,-0.001561760530052,0.00390625,46.8740393715692,50.06489317413539,0.0,120.0,120.0,1.0680729428345697,-0.0140474348252702,0.1388438547470585,-1.968814827610392,-0.0097491717936583,0.00390625,1742.036248343744,1860.0161144877184,0.0,4271.0,4271.0,1.0677252647619386,-0.5219350517873553,0.1367298477945916,-1.9726101036014871,-0.3597728348319924,0.00390625,27.035737270490248,30.58059780639615,0.0,77.1,77.1,1.131117583383796,-0.0085876003271381,0.3415900742028863,-1.7623789509656886,-0.0065026029342167,0.0234375,37.96934506908953,41.49403690885772,0.0,100.1,100.1,1.0928299351320023,-0.0116516005726386,0.2579619172315544,-1.795881901783088,-0.008812115475627,0.00390625,0.3292863903085368,0.363188334271317,0.0,0.86,0.86,1.102955800666449,-0.0001035991942465,0.2443263140987501,-1.9020877498132405,-7.004259346900142e-05,0.00390625,19.643573727049024,22.0735887921148,0.0,55.0,55.0,1.1237053450065282,-0.006235456975425,0.3089524828481189,-1.8173745303515485,-0.0046379555134879,0.0234375,4.0,0.0,4.0,4.0,0.0,0.0,1.3466797831383322e-19,,,0.0,0.0,803.9943430815824,682.6223328918328,92.824,1945.826,1853.002,0.8490387261624877,0.2133744352318258,0.2700436886051785,-1.5609802463321645,0.17269985802177,0.00390625,2377.7797106757525,1166.4991365320798,634.25,3736.317,3102.067,0.490583350213114,-0.2825422273083637,0.0567200530884224,-1.7518899218780728,-0.1670301940369143,0.00390625,240.0375865985236,16.18739856788241,223.0,265.6,42.60000000000002,0.0674369326790339,-0.0047342087960068,0.16290758041274,-1.8783909547180688,-0.0039271178419309,0.00390625,223.60197331061897,6.081463334224397,216.19,234.19,18.0,0.0271977176416787,-0.0018701351394228,0.0919237590265621,-1.7978173484076183,-0.0017037387600567,0.00390625,0.6647072685973878,0.93479045099799,0.002,5.258,5.256,1.406318984551666,-0.0001995505201628,1.949881604209691,4.629199399890805,-0.0001686701372456,0.0234375,0.2772323490441037,0.3712502980133766,0.0,2.312,2.312,1.339130513785446,-7.836716113434993e-05,1.6373007125298786,2.964527360761398,-6.909607193563634e-05,0.0234375,Rotura de eje
10.944514549392595,6.664301938041854,0.0,18.2,18.2,0.6089170888270885,-0.0016453914401116,-0.9094974993503072,-0.9323944475538172,-0.0015445469956677,0.00390625,74.22875035314061,43.90887208845557,0.0,120.0,120.0,0.5915345722453994,-0.0106869635041658,-1.085061924318208,-0.7948177004524393,-0.0097005085703522,0.00390625,2758.346736980883,1630.5343162479244,0.0,4271.0,4271.0,0.5911273932270774,-0.396931256969789,-1.0899746881931325,-0.7921460129059565,-0.3577886607647391,0.00390625,43.90228835106884,28.17639883565884,0.0,78.2,78.2,0.641797953909454,-0.0070857283550627,-0.7484965500546238,-1.186634075553008,-0.0066208325485025,0.0234375,60.62296826443168,37.38028733620677,0.0,101.3,101.3,0.6166027234621286,-0.0091254290873608,-0.8395262280002014,-0.9824163288727455,-0.008815219438689,0.0234375,0.5337131556643752,0.328996414893285,0.0,0.86,0.86,0.6164292774154027,-8.495065287749505e-05,-0.9349484106946064,-1.0583143572707114,-7.06347711433415e-05,0.00390625,31.913645352669743,20.23775569998123,0.0,55.0,55.0,0.6341411479741293,-0.0051510189575675,-0.8147298986768399,-1.154510763392349,-0.0047089847428894,0.0234375,4.0,0.0,4.0,4.0,0.0,0.0,-3.3504751709480327e-19,,,0.0,0.0,371.06290535832,424.3704495625372,92.824,1417.889,1325.0649999999998,1.143661744233745,0.108678926437647,1.2839299166478884,-0.0249416453954758,0.1218710679977397,0.00390625,2905.869933327055,1173.0842494861083,634.25,3736.317,3102.067,0.4036946857229064,-0.2906446249546905,-0.9919599286062848,-0.9380268334733076,-0.2097159540403088,0.00390625,249.12108108108103,13.698317705023054,224.49,267.1,42.610000000000014,0.0549865858223563,-0.0033797708924631,-0.991344774571797,-0.8064255921733987,-0.0030043322659634,0.00390625,227.12429701478484,4.828662670146842,217.71,235.9,18.19,0.0212600005090275,-0.0011856745269003,-0.9168735088143144,-0.5993475061849458,-0.0010171407044641,0.00390625,1.0175197287880215,0.9392272995360124,0.002,5.258,5.256,0.9230556154962576,-0.0001404592357981,1.496706262880063,3.316108831201527,-0.0001459785270295,0.0234375,0.4221482248799321,0.383124504339509,0.0,2.312,2.312,0.9075591978350204,-5.550849963239142e-05,1.1988400108446553,1.9546549867243843,-5.556601996609513e-05,0.0234375,Rotura de eje
12.966691694040357,5.147758992717228,0.0,18.2,18.2,0.3969986419190639,-0.0009455979102408,-1.8096545178311376,2.0213882907790124,-0.001520555659846,0.0234375,87.79993430314407,32.91732458925998,0.0,120.0,120.0,0.3749128612739887,-0.0058752206960142,-2.255167667257342,3.1853203100043395,-0.0096677304298854,0.00390625,3262.739746597841,1221.444773243032,0.0,4271.0,4271.0,0.3743616923527749,-0.2181680470853864,-2.2689729474233054,3.2185911580303275,-0.3571428571428571,0.00390625,52.24430783669639,22.63284652266769,0.0,78.2,78.2,0.4332117212350239,-0.0043852370843448,-1.502314442024021,0.9253871840930988,-0.00646705462737,0.0234375,71.80587517597372,29.21387789957205,0.0,101.3,101.3,0.4068452313682965,-0.0052406900873964,-1.6438595198041337,1.6164128790976546,-0.0089074525999624,0.0234375,0.6354321914594088,0.2557654296766412,0.0,0.86,0.86,0.4025062518303015,-5.227237432787088e-05,-1.9253179577733697,1.8968068582407296,-7.039609536324388e-05,0.00390625,37.98535898639137,16.093505272566517,0.0,56.0,56.0,0.4236765349073619,-0.0031915861417983,-1.6483862813946792,1.2227930098383455,-0.0045992115637319,0.0234375,4.0,0.0,4.0,4.0,0.0,0.0,-7.853390685813534e-19,,,0.0,0.0,218.5021101830127,247.01803818146783,92.824,1050.508,957.684,1.1305064192495478,0.0486175768555333,2.252852522788361,3.420229441236689,0.0877114698704711,0.00390625,3224.311363115908,977.907015585102,634.25,3736.317,3102.067,0.3032917437105307,-0.1895482335746518,-1.996023312957524,2.0738083374196687,-0.2422786746761779,0.00390625,253.33642327545752,9.946947987314772,225.7,267.1,41.400000000000034,0.0392637894650437,-0.0017377340984865,-1.9581488605773585,2.540632768353277,-0.0031725173643701,0.00390625,228.52310558423275,3.2837711963196035,218.89,235.9,17.01000000000002,0.0143695368917924,-0.0004942038219877,-1.5303430721920246,2.258458613006118,-0.0008926224892059,0.00390625,1.2068206475832943,0.896494466017872,0.002,5.258,5.256,0.7428564201425766,-7.773712347213126e-05,1.5969020386783723,3.8763192299784,-0.0001298103998498,0.0234375,0.494230595964336,0.3598342202749509,0.0,2.312,2.312,0.7280694947119719,-2.7550948361926006e-05,1.1882816132272005,2.317464047176119,-6.908203491646328e-05,0.0234375,Rotura de eje
2.69252983891161,5.226738924481468,0.0,41.4,41.4,1.9412000004405712,-0.0003860673392726,2.0934680633862253,5.887923475053947,-0.0008931552587646,0.00390625,25.72478924964528,47.84244601676964,0.0,126.0,126.0,1.8597799014982928,-0.0054479445444286,1.3443246205134596,-0.1688199905473149,-0.0095158597662771,0.00390625,922.1785326767382,1718.2632705840747,0.0,4492.0,4492.0,1.863265311106952,-0.1895214252759291,1.3430407858532287,-0.1791268517364734,-0.3380634390651085,0.00390625,12.811559969952429,23.78080357016456,0.0,128.4,128.4,1.85619890364162,-0.0027609029960135,1.3906988649289476,0.1249037977071645,-0.0049916527545909,0.00390625,14.189433269343128,26.398843821517,0.0,187.9,187.9,1.860457942217666,-0.0026866972440271,1.4423185827430165,0.5458298554716103,-0.005041736227045,0.00390625,0.2101076704782572,0.3839840095951891,0.0,1.0,1.0,1.8275582643943749,-4.412218918293109e-05,1.3049317894890176,-0.2425700910406738,-8.26377295492488e-05,0.00390625,9.604457057006927,18.373909339244445,0.0,124.0,124.0,1.9130606998591104,-0.0016464536372466,1.85779564060942,3.6291028642253353,-0.0035058430717863,0.00390625,4.0,0.0,4.0,4.0,0.0,0.0,-1.0611570738800571e-20,,,0.0,0.0,1578.6531626742344,227.4821097162616,0.0,1717.537,1717.537,0.144098852803682,0.0373548274886468,-4.346781707067742,25.028362390047302,0.0494798831385643,0.00390625,2705.2673003088225,802.0805830198497,0.0,5496.205,5496.205,0.2964884774707059,-0.1799641690310411,0.4472779810278956,0.96260199136951,-0.1000131051752919,0.00390625,238.8693673316084,40.10231712838391,0.0,338.31,338.31,0.1678838838833286,-0.0013433614987759,-2.668531753890929,17.24169463177988,0.0021126878130217,0.00390625,220.6410600116852,26.600492470270595,0.0,248.4,248.4,0.1205600284410428,-0.0003985189429628,-7.671107450457613,61.05144048538803,-0.000559265442404,0.00390625,0.1142888740505801,0.2267911251746988,0.0,2.815,2.815,1.9843674816004344,-1.1189776905855332e-05,3.839126973716864,29.466451675058813,-3.297161936560932e-05,0.00390625,0.0349202069944078,0.0660270115451233,0.0,1.117,1.117,1.8907966827257656,-2.856963000603577e-06,4.253479819618556,31.89574308000296,-8.681135225375633e-06,0.00390625,Taponamiento
5.684654153632256,5.512039742637573,0.0,24.5,24.5,0.9696350197690762,-0.0028047851691829,0.0094319107568967,-1.7903611489503624,-0.0019294281244568,0.00390625,60.31478971150504,57.93032964296204,0.0,126.0,126.0,0.960466411638866,-0.029721374504968,-0.0745979224852897,-1.9840555935648585,-0.019815748305232,0.00390625,2141.671532846716,2057.485714707592,0.0,4492.0,4492.0,0.9606915360978704,-1.0556483833770984,-0.0749301043807637,-1.9851986400829145,-0.7027637754215192,0.00390625,30.854796663190825,29.78324118270441,0.0,93.0,93.0,0.9652710243991088,-0.0155978784048937,-0.0413793131594279,-1.939241574350512,-0.010655310272901,0.00390625,32.427337504344806,31.47079594969567,0.0,116.7,116.7,0.9705020014510604,-0.0159036922517475,0.0025526564605785,-1.8478352587353173,-0.0108986615678776,0.00390625,0.4978449774070211,0.4780205501823494,0.0,1.0,1.0,0.9601795174716328,-0.0002537767012038,-0.0680064869271251,-1.9714627763842787,-0.0001703459064835,0.00390625,21.5316301703163,20.87618696552457,0.0,124.0,124.0,0.9695590533737046,-0.0109056890957347,0.0283041636090896,-1.611635720223776,-0.0074743612028506,0.00390625,4.0,0.0,4.0,4.0,0.0,0.0,1.6089278670347505e-18,,,0.0,0.0,1208.0756150503996,578.2472332798864,0.0,1652.415,1652.415,0.4786515231960563,0.2778765535009377,-1.434356722380797,0.429252213054657,0.2872266643490352,0.00390625,2907.5889226624954,1443.646936591893,0.0,5496.205,5496.205,0.4965099864495074,0.2772603414492585,-1.1755976163099724,0.1562452260656965,0.4597441334955675,0.00390625,207.79015988877305,101.62400222762048,0.0,313.7,313.7,0.4890703307703227,0.0256841344146894,-1.361107885182487,0.3191664478253755,0.0398574656700851,0.00390625,186.76659888773028,87.24699463270221,0.0,248.4,248.4,0.4671445277276179,0.029991515006741,-1.6528896731209863,0.7876330312363096,0.0386407091952024,0.00390625,0.153900417101147,0.2129651351309206,0.0,2.407,2.407,1.3837853018355035,-4.330453755410981e-05,1.2638681487821053,3.3780618457383165,1.912045889101321e-06,0.00390625,0.0444961765728189,0.0586902921603002,0.0,0.375,0.375,1.3189962976763256,-1.087875796834842e-05,1.0363251745330102,-0.2727868344387842,1.2167564748826662e-06,0.00390625,Taponamiento
6.951438099208003,5.541699992016079,0.0,24.5,24.5,0.7972019477016505,-0.0022787823692795,-0.3908859128884697,-1.6683710465447372,-0.0016953863257365,0.00390625,71.0786855634292,56.0805765724643,0.0,126.0,126.0,0.788992876386538,-0.0223632502394332,-0.4727302773257262,-1.7662731278861814,-0.0158421345191773,0.00390625,2519.68528553564,1988.5280010396648,0.0,4492.0,4492.0,0.7891969733104743,-0.7914156334338629,-0.4726332805503669,-1.766877199351658,-0.5591995553085047,0.00390625,38.04424065582882,30.26501927267197,0.0,93.0,93.0,0.7955217071216539,-0.0127698424991114,-0.4215302880747568,-1.7446925181980897,-0.0093524180100055,0.00390625,39.50204251771572,31.49712556472934,0.0,116.7,116.7,0.7973543532743563,-0.0128491672067801,-0.3990425261288008,-1.7079657897625549,-0.0095469705391884,0.00390625,0.5954828400722524,0.4698120694983223,0.0,1.0,1.0,0.7889598790811807,-0.0001947775904892,-0.4661193598196175,-1.7601429961738997,-0.000136186770428,0.00390625,26.653605669028764,21.293162158672462,0.0,124.0,124.0,0.7988848647001225,-0.0089919006829631,-0.3652170539889971,-1.551539391580329,-0.0065314063368538,0.00390625,4.0,0.0,4.0,4.0,0.0,0.0,-1.1364235098192002e-19,,,0.0,0.0,965.8562024454634,708.0260956849974,0.0,1652.415,1652.415,0.7330553905357104,0.3034520018117322,-0.5544138257583167,-1.5551951500413457,0.2296296553640913,0.00390625,2324.616737668473,1738.2657576154654,0.0,5496.205,5496.205,0.7477644505643963,0.5302582062863594,-0.4329994141986781,-1.4980750738590536,0.3675525291828795,0.00390625,166.12818952341254,123.20181072441252,0.0,313.7,313.7,0.7416068945183418,0.040894476460994,-0.5195873890232007,-1.5509632701050735,0.0318649249583101,0.00390625,149.3198568848131,108.0644712738132,0.0,248.4,248.4,0.7237113236531914,0.0402861552061138,-0.649426079551242,-1.559293123064163,0.0308921623123957,0.00390625,0.1230433513964151,0.2001415829020902,0.0,2.407,2.407,1.6265940469817308,-1.5632746184802382e-06,1.5923808934455457,4.445755654144388,1.5286270150083008e-06,0.00390625,0.0355746838960678,0.0554188120967444,0.0,0.375,0.375,1.55781600923431,3.869381468521157e-07,1.3674085353522198,0.5502211378429256,9.727626459143845e-07,0.00390625,Taponamiento
30.83904264749335,10.924039871529908,0.0,64.4,64.4,0.3542275937809578,9.556335016538392e-05,-2.354418113248501,3.8385840900339794,0.0001280441259757,0.00390625,101.71314636068156,35.587651107623806,0.0,130.0,130.0,0.3498825115627397,0.0002680387902002,-2.4248913533064447,4.046599665615003,0.0026569156139962,0.00390625,1626.2579533142914,566.9968067197493,0.0,2584.0,2584.0,0.3486512121673057,0.0046811439830366,-2.444740747916929,4.134451789648582,0.0483859052965945,0.00390625,66.39628434945337,24.68606603686696,0.0,98.1,98.1,0.3717989083084917,0.000186434894201,-2.1526409603931045,2.877462213201148,3.939819260791432e-05,0.00390625,112.30309760661876,41.04392504945879,0.0,188.5,188.5,0.3654745587982766,0.000356171227224,-2.2106114625401427,3.1513627846947774,0.000418605796459,0.00390625,0.5269051019403131,0.1834597223011104,0.0,1.0,1.0,0.3481836133784342,1.0130993355643288e-06,-2.446649495197468,4.228131122624175,1.7236709265962385e-06,0.00390625,50.449423815621,18.25335253831249,0.0,127.0,127.0,0.3618148862318738,0.000109260927738,-2.2354029440246515,3.427951070940046,2.462387037994632e-05,0.00390625,9999.0,0.0,9999.0,9999.0,0.0,0.0,6.743136318486863e-16,,,0.0,0.0,2218.117794100266,424.69673660610897,0.0,3387.501,3387.501,0.191467169929259,4.899377956595447e-06,-0.307467710617601,10.142447943331955,0.0,0.00390625,3291.6274414951245,375.0921113122103,0.0,4084.118,4084.118,0.1139533917428504,0.0041889432752861,-8.503213538476105,71.53426599927752,0.0,0.00390625,264.44186570471777,33.95725265583516,0.0,280.4,280.4,0.1284110311555306,0.0004481611148586,-6.125905558802976,43.41583501408473,0.0,0.00390625,222.15824140648084,25.17186340101569,0.0,226.51,226.51,0.1133060076531618,0.0003140814204664,-8.60922239123371,72.97735546689385,0.0,0.00390625,0.5606133162612036,0.2257148621018158,0.0,2.598,2.598,0.4026212998419926,-1.4320358929418117e-06,-0.8352887173231176,2.958866437718698,7.381256719824488e-20,0.00390625,0.3460615089136216,0.1309365833859944,0.0,1.074,1.074,0.3783621697687179,7.241975326169868e-07,-1.4450849272330597,1.1699975774843612,-2.733798785120181e-21,0.00390625,Desbalance de fases
25.4048058926523,14.79463106697352,0.0,57.6,57.6,0.5823556034825874,-0.0001234259793772,-1.0628368815637208,-0.7471506433412736,0.0021011955077889,0.00390625,83.48820262029827,48.25985073056744,0.0,116.0,116.0,0.5780439537074684,-6.07868965182764e-05,-1.1009834057226893,-0.7078989479339954,0.007003985025963,0.00390625,1335.3911127211254,769.6072337171862,0.0,2132.0,2132.0,0.5763159769342467,8.333443042012543e-05,-1.116051884814414,-0.6854045023034931,0.1115807269653423,0.00390625,53.113041115739904,32.53319314404517,0.0,91.8,91.8,0.6125274030750999,-0.0005212183019084,-0.8876038997254493,-1.0634907067879256,0.0046673107112667,0.00390625,89.78576948620419,53.88140623108488,0.0,167.3,167.3,0.6001107585246445,-0.0005667977347734,-0.9465224797715897,-0.949398997256108,0.0078009902185726,0.00390625,0.4429016482521282,0.2544823086746708,0.0,1.0,1.0,0.5745797282059403,-3.745980445586162e-07,-1.1241377142664026,-0.6474522600784014,3.622750875498128e-05,0.00390625,41.32252611241925,24.576299750975373,0.0,76.0,76.0,0.5947434017977209,-0.0002874596307576,-0.9775399936881212,-0.896300793237637,0.0035019925129815,0.00390625,9999.0,0.0,9999.0,9999.0,0.0,0.0,5.1558550708019915e-17,,,0.0,0.0,2166.769756686591,812.7356267618646,0.0,3387.501,3387.501,0.3750909039845074,0.0687800259883268,-1.2404769943730791,2.320627150024696,-0.0719321338002656,0.00390625,3025.0196580933407,961.1445356705436,0.0,4084.118,4084.118,0.3177316660072053,0.0645910288618513,-2.8172194379678444,5.976004598643415,0.0035641830696775,0.00390625,236.96011592102883,77.99845965744936,0.0,280.4,280.4,0.3291628186215258,0.0040749688557005,-2.4987523518611963,4.812030135336427,0.0039125709455379,0.00390625,203.09206605083625,64.53577369777871,0.0,226.51,226.51,0.3177660996448019,0.0042124326447581,-2.814027992123997,5.968467434895901,0.0009666706919454,0.00390625,0.5362561733985388,0.3325127078548029,0.0,2.598,2.598,0.620063179408256,1.0247938089129096e-05,-0.5336552471273945,0.0533396609748417,4.268808114961992e-05,0.00390625,0.2662645655980196,0.172200921918476,0.0,1.074,1.074,0.6467286457427018,2.707582279264584e-06,-0.2937591018453341,-1.1989653121437325,2.24006762468301e-05,0.00390625,Desbalance de fases
30.82897442657527,12.032820046127876,0.0,64.4,64.4,0.3903088010529248,-0.0024356228070071,-2.0351740931424853,2.550486810262268,0.0006855636123928,0.00390625,99.1639467440021,37.479645927590425,0.0,130.0,130.0,0.3779563758625548,-0.0087621850126816,-2.171762209602649,2.855806107569382,0.0142254449571522,0.0078125,1603.4924861587135,603.815498071636,0.0,2584.0,2584.0,0.3765627237319466,-0.1442423811345331,-2.180474099827698,2.9187715668328336,0.2590639419907712,0.0078125,63.88872923807013,25.8188326516208,0.0,98.1,98.1,0.4041218687479517,-0.0054241750011327,-1.9559477631856927,2.030709375901914,0.000210942649967,0.00390625,109.95906933825468,44.183293210773456,0.0,188.5,188.5,0.4018158163457839,-0.0096847327195764,-1.9481008320163689,2.034196790723068,0.0022412656558997,0.00390625,0.5100316372264697,0.1935629203661719,0.0,1.0,1.0,0.3795115954350574,-3.900967494161161e-05,-2.110621716048425,2.9544118585998724,9.228740936057988e-06,0.0078125,48.370419193250726,19.22727107029,0.0,127.0,127.0,0.3975006086565576,-0.0037638083840764,-1.902343000810132,2.583497510253671,0.0001318391562294,0.00390625,9999.0,0.0,9999.0,9999.0,0.0,0.0,8.69262884782617e-16,,,0.0,0.0,2221.709633139996,379.4830023286633,0.0,3280.608,3280.608,0.1708067502017943,0.0889590412237366,-1.47729506600923,13.96635930543558,0.0,0.00390625,3289.231523596098,379.82845315407394,0.0,3471.188,3471.188,0.1154763507613503,0.0238975575012809,-8.190311400052332,67.56108606830384,0.0,0.00390625,263.8685987345109,32.48901931471988,0.0,279.0,279.0,0.1231257507355333,-0.0010018550906212,-6.74097986305086,51.067813505714014,0.0,0.00390625,222.43261534405485,24.941661575574795,0.0,226.0,226.0,0.1121313146320537,0.0015253390660735,-8.754165763543284,75.01550743116013,0.0,0.00390625,0.6530424466121802,0.1673835357293202,0.0,1.21,1.21,0.2563134090251925,-3.487062214346008e-05,-2.483402235372125,7.355596248838832,-2.927417335860663e-20,0.00390625,0.3207254152385974,0.1217764559055345,0.0,0.578,0.578,0.3796906952788299,-3.045603317422309e-05,-1.0476951348354024,0.1463678106698975,2.1955630018954966e-20,0.00390625,Desbalance de fases
0.0,0.0,0.0,0.0,0.0,0.0,0.0,,,0.0,0.0,0.0,0.0,0.0,0.0,0.0,0.0,0.0,,,0.0,0.0,0.0,0.0,0.0,0.0,0.0,0.0,0.0,,,0.0,0.0,0.0,0.0,0.0,0.0,0.0,0.0,0.0,,,0.0,0.0,0.0,0.0,0.0,0.0,0.0,0.0,0.0,,,0.0,0.0,0.0,0.0,0.0,0.0,0.0,0.0,0.0,,,0.0,0.0,0.0,0.0,0.0,0.0,0.0,0.0,0.0,,,0.0,0.0,0.0,0.0,0.0,0.0,0.0,0.0,0.0,,,0.0,0.0,0.0,0.0,0.0,0.0,0.0,0.0,0.0,,,0.0,0.0,0.0,0.0,0.0,0.0,0.0,0.0,0.0,,,0.0,0.0,0.0,0.0,0.0,0.0,0.0,0.0,0.0,,,0.0,0.0,0.0,0.0,0.0,0.0,0.0,0.0,0.0,,,0.0,0.0,0.0,0.0,0.0,0.0,0.0,0.0,0.0,,,0.0,0.0,0.0,0.0,0.0,0.0,0.0,0.0,0.0,,,0.0,0.0,Daño en el sensor de fondo
0.0,0.0,0.0,0.0,0.0,0.0,0.0,,,0.0,0.0,0.0,0.0,0.0,0.0,0.0,0.0,0.0,,,0.0,0.0,0.0,0.0,0.0,0.0,0.0,0.0,0.0,,,0.0,0.0,0.0,0.0,0.0,0.0,0.0,0.0,0.0,,,0.0,0.0,0.0,0.0,0.0,0.0,0.0,0.0,0.0,,,0.0,0.0,0.0,0.0,0.0,0.0,0.0,0.0,0.0,,,0.0,0.0,0.0,0.0,0.0,0.0,0.0,0.0,0.0,,,0.0,0.0,0.0,0.0,0.0,0.0,0.0,0.0,0.0,,,0.0,0.0,0.0,0.0,0.0,0.0,0.0,0.0,0.0,,,0.0,0.0,0.0,0.0,0.0,0.0,0.0,0.0,0.0,,,0.0,0.0,0.0,0.0,0.0,0.0,0.0,0.0,0.0,,,0.0,0.0,0.0,0.0,0.0,0.0,0.0,0.0,0.0,,,0.0,0.0,0.0,0.0,0.0,0.0,0.0,0.0,0.0,,,0.0,0.0,0.0,0.0,0.0,0.0,0.0,0.0,0.0,,,0.0,0.0,Daño en el sensor de fondo
10.180421168536231,9.65860082223361,0.0,22.6,22.6,0.948742754581179,-0.0019866223502225,-0.1031696780583596,-1.985738487743546,-0.0013420509291121,0.00390625,70.0955199229234,66.65282136484917,0.0,160.0,160.0,0.9508856120639408,-0.013749790010809,-0.0969581953692114,-1.986499574821992,-0.0092222986923606,0.00390625,1272.9728855550204,1210.3356241747083,0.0,3284.0,3284.0,0.9507945046661368,-0.2495837481193073,-0.0969308388781695,-1.9856163627420729,-0.1673090158293186,0.00390625,24.43236528800496,23.84392152829648,0.0,97.4,97.4,0.975915399398626,-0.0047663777104196,0.048804435647506,-1.8116938788264685,-0.0033723331039229,0.00390625,50.990317252769934,48.52167082962963,0.0,145.8,145.8,0.9515859763942496,-0.0099861498393701,-0.0923430494678152,-1.978458263090778,-0.0067309015829318,0.00390625,0.2520253251668846,0.2438293230812122,0.0,1.0,1.0,0.9674794504074335,-4.890518982252872e-05,0.0082194657905539,-1.85908158281592,-3.441156228492773e-05,0.00390625,16.195581859472853,15.732524593979306,0.0,50.0,50.0,0.9714084205487992,-0.003148712544568,0.027155754384835,-1.847788999192924,-0.0022023399862353,0.00390625,9999.0,0.0,9999.0,9999.0,0.0,0.0,8.742336600672945e-16,,,0.0,0.0,1061.4183670084649,774.7522698270284,240.763,2196.597,1955.8340000000003,0.729921672648849,0.1678418208091142,0.1405261618489582,-1.8741107294673447,0.1266309704060564,0.00390625,2624.249645998211,751.9772939262357,547.227,3609.989,3062.762,0.2865494504583229,-0.1425586501272342,-0.1539606258918599,-1.7602035995644558,-0.0840479697178252,0.00390625,232.9595141421788,12.902870222712464,218.12,265.14,47.01999999999998,0.0553867493681225,-0.0026549744087333,-0.0944823079194781,-1.9004203751838464,-0.0017873365450791,0.00390625,226.54112862156765,2.2754117132066045,223.52,231.08,7.560000000000002,0.0100441439797346,-0.0004623500572607,-0.1657869174799598,-1.7409714635733529,-0.000346868547832,0.00390625,0.0376938958089601,0.03935441031257,0.0,0.48,0.48,1.044052610322523,-7.345733765801451e-06,0.6861965821065023,1.2237124547258675,-6.194081211286987e-06,0.0078125,0.0316199848599545,0.0322804571166272,0.0,0.31,0.31,1.020887810655124,-5.827288290707855e-06,0.7371200772949923,3.0265957273607853,-4.129387474191331e-06,0.0078125,Comunicación tubing-casing
10.180421168536231,9.65860082223361,0.0,22.6,22.6,0.948742754581179,-0.0019866223502225,-0.1031696780583596,-1.985738487743546,-0.0013420509291121,0.00390625,70.0955199229234,66.65282136484917,0.0,160.0,160.0,0.9508856120639408,-0.013749790010809,-0.0969581953692114,-1.986499574821992,-0.0092222986923606,0.00390625,1272.9728855550204,1210.3356241747083,0.0,3284.0,3284.0,0.9507945046661368,-0.2495837481193073,-0.0969308388781695,-1.9856163627420729,-0.1673090158293186,0.00390625,24.43236528800496,23.84392152829648,0.0,97.4,97.4,0.975915399398626,-0.0047663777104196,0.048804435647506,-1.8116938788264685,-0.0033723331039229,0.00390625,50.990317252769934,48.52167082962963,0.0,145.8,145.8,0.9515859763942496,-0.0099861498393701,-0.0923430494678152,-1.978458263090778,-0.0067309015829318,0.00390625,0.2520253251668846,0.2438293230812122,0.0,1.0,1.0,0.9674794504074335,-4.890518982252872e-05,0.0082194657905539,-1.85908158281592,-3.441156228492773e-05,0.00390625,16.195581859472853,15.732524593979306,0.0,50.0,50.0,0.9714084205487992,-0.003148712544568,0.027155754384835,-1.847788999192924,-0.0022023399862353,0.00390625,9999.0,0.0,9999.0,9999.0,0.0,0.0,8.742336600672945e-16,,,0.0,0.0,1061.4183670084649,774.7522698270284,240.763,2196.597,1955.8340000000003,0.729921672648849,0.1678418208091142,0.1405261618489582,-1.8741107294673447,0.1266309704060564,0.00390625,2624.249645998211,751.9772939262357,547.227,3609.989,3062.762,0.2865494504583229,-0.1425586501272342,-0.1539606258918599,-1.7602035995644558,-0.0840479697178252,0.00390625,232.9595141421788,12.902870222712464,218.12,265.14,47.01999999999998,0.0553867493681225,-0.0026549744087333,-0.0944823079194781,-1.9004203751838464,-0.0017873365450791,0.00390625,226.54112862156765,2.2754117132066045,223.52,231.08,7.560000000000002,0.0100441439797346,-0.0004623500572607,-0.1657869174799598,-1.7409714635733529,-0.000346868547832,0.00390625,0.0376938958089601,0.03935441031257,0.0,0.48,0.48,1.044052610322523,-7.345733765801451e-06,0.6861965821065023,1.2237124547258675,-6.194081211286987e-06,0.0078125,0.0316199848599545,0.0322804571166272,0.0,0.31,0.31,1.020887810655124,-5.827288290707855e-06,0.7371200772949923,3.0265957273607853,-4.129387474191331e-06,0.0078125,Comunicación tubing-casing
3.3619066613482245,7.345757175275808,0.0,22.6,22.6,2.184997358710114,-0.0059176956987052,1.7434959068861582,1.0695050141502067,-0.0077813248204309,0.00390625,21.80394894295972,48.82230133150889,0.0,160.0,160.0,2.2391494980670985,-0.0399240202407388,1.8438688241342485,1.470885575577234,-0.0534716679968076,0.00390625,398.12006382130033,890.5794828019928,0.0,3284.0,3284.0,2.2369620718280028,-0.7199693887354799,1.8438327400671768,1.486169460747334,-0.9684756584197926,0.00390625,8.261826884722776,19.108017363060835,0.0,97.4,97.4,2.312807763909229,-0.0148780714259356,2.091170131274864,2.9696952340563074,-0.0206703910614525,0.00390625,16.24706820901476,36.55188260661173,0.0,145.8,145.8,2.2497525175853417,-0.029437602055325,1.879413274413644,1.7020384688446404,-0.0392258579409417,0.00390625,0.0896529716792979,0.1983014445815483,0.0,1.0,1.0,2.2118780991543945,-0.0001520302621418,1.878918408843148,1.9227154702960485,-0.0002114924181963,0.00390625,5.658954926206621,12.577951776605586,0.0,50.0,50.0,2.2226633611017275,-0.009947876536776,1.8735105726517096,1.752378374924752,-0.0135674381484437,0.00390625,9999.0,0.0,9999.0,9999.0,0.0,0.0,-3.994550766300708e-15,,,0.0,0.0,1490.746454327882,403.1032047155754,257.297,1769.025,1511.728,0.2704035978387207,0.4201248076040484,-2.128486821457693,3.3187795660894137,0.5855913806863527,0.00390625,1798.6826996410057,476.86365643281647,547.227,3407.807,2860.58,0.2651182760183285,-0.1724050692618884,2.132711303158346,5.472055379851984,-0.6336863527533918,0.00390625,225.57895891503787,10.698532131916089,219.38,265.14,45.75999999999999,0.047426994890714,-0.0086025912843291,1.7395634133901985,1.5920755135123723,-0.0103072625698324,0.00390625,225.48815317112087,1.492310665036794,224.24,229.82,5.579999999999984,0.0066181333433703,-0.0017659841004321,1.3478120418656585,0.3829730164163121,-0.0017238627294493,0.00390625,0.0166414040686079,0.0413031955107653,0.0,0.48,0.48,2.481953766670394,-2.5534478783699143e-05,3.255212322488294,15.218673827141334,-4.38946528332003e-05,0.0078125,0.0148145193458316,0.037326821466025,0.0,0.31,0.31,2.5196107004664734,-2.2082686705248407e-05,3.6160253551046986,18.530831615578595,-3.192338387869116e-05,0.00390625,Comunicación tubing-casing
5.27816985645933,7.330217220530102,0.0,41.4,41.4,1.388780092319218,0.0021665262477874,1.757351869193659,4.717220776290584,2.1261003463797133e-18,0.00390625,41.92799043062201,52.885604387536105,0.0,120.0,120.0,1.2613436476295137,0.0554942997766947,0.5122972269418996,-1.700460169907608,-8.504401385518853e-18,0.00390625,1556.2404306220096,1973.194684041389,0.0,4410.0,4410.0,1.2679240593002252,2.0960868632537144,0.5168031649319861,-1.698744496919412,0.0,0.00390625,20.41638755980861,25.41997865400588,0.0,128.4,128.4,1.245077199849363,0.0216514464246775,0.6289324897510563,-1.0013964878718211,4.2522006927594265e-18,0.00390625,25.2732057416268,31.58190817174505,0.0,187.9,187.9,1.2496201904346216,0.026878229097447,0.6991233922602829,-0.467944713558126,-4.2522006927594265e-18,0.00390625,0.3331698564593301,0.3995368351998191,0.0,1.0,1.0,1.1991986293291523,0.0003243639910995,0.3747995445200413,-1.8383198079673768,1.9932190747309813e-19,0.00390625,16.9055023923445,23.248341438471066,0.0,121.0,121.0,1.3751937622982957,0.0068406407348193,1.5864530506178047,3.3729030737764827,0.0,0.00390625,4.0,0.0,4.0,4.0,0.0,0.0,2.4770696852575906e-18,,,0.0,0.0,1667.177475478469,143.07153878269676,0.0,1717.537,1717.537,0.0858166217376684,0.0077559017852886,-11.362312228529966,129.48970979549273,-0.0247372830640335,0.0078125,2218.102890550239,338.439535783618,0.0,2798.938,2798.938,0.1525806297018359,0.5353562209547025,-1.3722831889422704,11.47721502402653,0.4781645721125074,0.00390625,253.46450358851675,44.4165779712511,0.0,338.31,338.31,0.1752378630632972,0.045530307274866,-0.97748758168128,6.158643808708009,-0.0040694195092758,0.00390625,215.57590909090908,19.21842301684629,0.0,226.2,226.2,0.089149214761014,0.0041321174412374,-10.977425144702975,120.24359937212556,-0.0026271693596648,0.0234375,0.2478995215311004,0.3612030525815988,0.0,2.815,2.815,1.4570542546863436,0.0001367112378492,3.0153416166760647,16.63909788802181,2.992220227409338e-06,0.00390625,0.0689174641148325,0.1011128402786152,0.0,0.628,0.628,1.4671584565290705,4.349369845901155e-05,2.7816322601296286,11.133891844315718,5.984440454817661e-07,0.00390625,Alta temperatura
2.380496362858365,5.072402568062474,0.0,41.4,41.4,2.130817188887371,-0.0002797181399417,2.3916644326977723,7.614290438278195,-0.0008644299897295,0.00390625,22.27887890457852,45.40836615070719,0.0,126.0,126.0,2.038180033438547,-0.004323434834217,1.5742069939944128,0.5081165130942011,-0.0097569325573433,0.00390625,799.8629011553273,1633.691959191045,0.0,4492.0,4492.0,2.042464973473991,-0.1494082515629314,1.572312921171218,0.4927892632917494,-0.3473125641903458,0.00390625,11.02421052631579,22.398116241420063,0.0,128.4,128.4,2.0317206559103465,-0.0021657886424673,1.6233238022309324,0.8682278861872352,-0.0047672030126668,0.00390625,12.40744544287548,25.27193877490458,0.0,187.9,187.9,2.036836582619516,-0.0021038081107053,1.6803461072778432,1.3729484390672422,-0.0049897295446764,0.00390625,0.1801882755669662,0.3597244211537568,0.0,1.0,1.0,1.996380841216646,-3.396503662025046e-05,1.5214192813119622,0.3767273421686234,-8.216364258815477e-05,0.00390625,8.365340179717586,17.585165590656327,0.0,124.0,124.0,2.102145903557266,-0.001220984139749,2.16658781933262,5.279801763736444,-0.0033378979801437,0.00390625,4.0,0.0,4.0,4.0,0.0,0.0,4.767023985276104e-19,,,0.0,0.0,1596.169605220368,212.1345959600335,0.0,1717.537,1717.537,0.1329022901239533,0.0317689229481316,-5.359580473063821,35.87753285705631,0.0413612632660047,0.00390625,2661.3485556696623,775.8587455450412,0.0,5496.205,5496.205,0.2915284222700455,-0.1697279477249161,0.5276543016210984,1.5011994636898454,-0.0990835330366314,0.00390625,237.23424903722724,39.7969088758304,0.0,338.31,338.31,0.1677536402831338,-0.0006986564929802,-2.719827058114047,17.8958380382454,-0.0049469359808285,0.00390625,220.3444039366709,26.89908736575197,0.0,248.4,248.4,0.1220774700204459,-0.0003050327050496,-7.574119744908451,59.4712752590431,-0.0010689832249229,0.00390625,0.1036531450577663,0.2236449361059097,0.0,2.815,2.815,2.157628077578074,-7.495356173495862e-06,4.173372825864931,32.8772115218665,-3.038343033207808e-05,0.00390625,0.0324775353016688,0.0657758123736318,0.0,1.117,1.117,2.02527106083238,-2.088162627536818e-06,4.483542108396144,33.940300500060275,-6.1622731941115824e-06,0.00390625,Alta temperatura
0.916857128083148,4.113691477800585,0.0,22.6,22.6,4.48673119486019,-0.0002693838230538,4.2763910946534605,16.328726683780786,-0.0009876926259178,0.00390625,6.141108640570867,27.83164626092897,0.0,160.0,160.0,4.532023106880224,-0.0018093724238593,4.3481786261523,16.995787090883727,-0.0067638845795842,0.00390625,111.77392833135116,506.3512723446033,0.0,3284.0,3284.0,4.530137572364255,-0.0329098154332501,4.348128755265856,17.01540947173379,-0.1230737408211811,0.00390625,2.238957546925901,10.34159162774189,0.0,97.4,97.4,4.6189315388944925,-0.0006584122012933,4.620058039358602,20.51992555248905,-0.0021046643913538,0.00390625,4.514571591085371,20.50075915558752,0.0,145.8,145.8,4.541019838088077,-0.0013289767512174,4.376808717529931,17.393372076577837,-0.0048557244802978,0.00390625,0.0236630642742644,0.1071742632723664,0.0,1.0,1.0,4.529179400865989,-6.932844277263078e-06,4.439596274217508,18.471167863237493,-2.223601199710413e-05,0.00390625,1.5081441646413982,6.847357901660317,0.0,50.0,50.0,4.540254215874953,-0.0004427622839588,4.437849325882034,18.218224704946945,-0.0013962147067949,0.00390625,9998.13103056001,23.41498350428621,9063.0,9999.0,936.0,0.0023419360511196,-9.921659865959798e-05,-30.639842071889834,996.6728155451063,0.0,0.0078125,2072.87812187807,438.2161778888353,247.434,2449.542,2202.108,0.2114047001913467,0.0631230784416001,-2.461662588119331,7.037798699029501,0.1105145826869376,0.00390625,2203.282761156213,342.32092745693143,547.227,3435.509,2888.282,0.1553685861352141,0.0293812150172435,0.5594348825778523,3.4489699742886213,-0.0447458372117075,0.00390625,219.6121190340762,6.135877071979528,217.22,265.14,47.91999999999999,0.0279396105231672,-0.0005449941246395,4.095128357852887,16.222098990499173,-0.0013569138483814,0.00390625,223.68440043435547,1.3869985869892143,222.62,230.18,7.560000000000002,0.00620069430097,-0.0001811750070982,2.518162733183717,6.283691052194001,-0.0003537077257213,0.00390625,0.0040777703087026,0.0198416878298262,0.0,0.48,0.48,4.865817917081035,-1.1855719576868943e-06,6.293174051930373,58.12531022012822,-3.619815906505325e-06,0.0078125,0.0035632659392936,0.017574149374717,0.0,0.31,0.31,4.93203417149403,-1.0308417421974382e-06,6.961390844047049,73.22566941573865,-3.1026993484331423e-06,0.0078125,Comunicación tubing-casing
0.1897795591182364,1.909691391332704,0.0,22.6,22.6,10.062682199313825,-2.525667876850816e-05,10.016788945832872,98.70372670222538,-0.0004390902949786,0.00390625,1.230832451419693,12.642275157945356,0.0,160.0,160.0,10.27132096116188,-0.0001640822574829,10.342335335173011,105.86043633700368,-0.0030173384372889,0.00390625,22.473869086487586,230.6465615454468,0.0,3284.0,3284.0,10.262877329125452,-0.0029943710604563,10.342137837740207,106.04965449913124,-0.0546498536365683,0.00390625,0.4663799509130621,4.923288892329179,0.0,97.4,97.4,10.556390519555007,-6.212818650492126e-05,11.158436962462831,130.23365130827952,-0.0011664039630713,0.00390625,0.9171466528562744,9.4578619773315,0.0,145.8,145.8,10.31226788853978,-0.0001222087710914,10.458421682224024,109.5268652720392,-0.0022134654357126,0.00390625,0.0050609083335209,0.051449931773163,0.0,1.0,1.0,10.166145755374377,-6.724879231085652e-07,10.454253465157723,112.20462703860392,-1.1934249043008332e-05,0.00390625,0.3194478845331112,3.2608331665275885,0.0,50.0,50.0,10.207715638165697,-4.251113458134978e-05,10.437603964698477,109.99021308360147,-0.0007655933348344,0.00390625,9998.542185494583,16.048824763821184,9063.0,9999.0,936.0,0.0016051164725897,1.802282726296461e-05,-42.73667471155554,1996.318814387884,0.0,0.0078125,2372.7039884938417,313.0831148705385,257.297,2643.893,2386.596,0.1319520329500854,0.0198597922594202,-2.494367407129109,9.495965238716057,0.0527537716730466,0.00390625,2406.63596802594,278.29665880432714,547.227,3407.807,2860.58,0.1156372058349157,0.0176985899105905,-1.435929918145784,2.9340648704973216,-0.0160714028371988,0.00390625,217.6193958703925,3.3098964857651643,216.14,265.14,49.0,0.0152095656387927,-0.0001145006349948,8.358559574568925,79.5444121296732,-0.0006545823012834,0.00390625,222.7479912634257,1.0339409644898567,221.72,229.82,8.099999999999994,0.0046417521371364,-6.410415000504984e-05,2.812565622592256,11.451193493526455,-0.0001540193650078,0.00390625,0.000939406903695,0.0105363995709795,0.0,0.48,0.48,11.216012496327297,-1.24344293140451e-07,15.125936957203384,317.4529583095993,-2.476919612699842e-06,0.0078125,0.0008421337056134,0.0095766080027259,0.0,0.31,0.31,11.371837914680864,-1.1115912444714025e-07,16.403931231925633,369.3327045311622,-1.8013960819635217e-06,0.00390625,Comunicación tubing-casing
0.1897795591182364,1.909691391332704,0.0,22.6,22.6,10.062682199313825,-2.525667876850816e-05,10.016788945832872,98.70372670222538,-0.0004390902949786,0.00390625,1.230832451419693,12.642275157945356,0.0,160.0,160.0,10.27132096116188,-0.0001640822574829,10.342335335173011,105.86043633700368,-0.0030173384372889,0.00390625,22.473869086487586,230.6465615454468,0.0,3284.0,3284.0,10.262877329125452,-0.0029943710604563,10.342137837740207,106.04965449913124,-0.0546498536365683,0.00390625,0.4663799509130621,4.923288892329179,0.0,97.4,97.4,10.556390519555007,-6.212818650492126e-05,11.158436962462831,130.23365130827952,-0.0011664039630713,0.00390625,0.9171466528562744,9.4578619773315,0.0,145.8,145.8,10.31226788853978,-0.0001222087710914,10.458421682224024,109.5268652720392,-0.0022134654357126,0.00390625,0.0050609083335209,0.051449931773163,0.0,1.0,1.0,10.166145755374377,-6.724879231085652e-07,10.454253465157723,112.20462703860392,-1.1934249043008332e-05,0.00390625,0.3194478845331112,3.2608331665275885,0.0,50.0,50.0,10.207715638165697,-4.251113458134978e-05,10.437603964698477,109.99021308360147,-0.0007655933348344,0.00390625,9998.542185494583,16.048824763821184,9063.0,9999.0,936.0,0.0016051164725897,1.802282726296461e-05,-42.73667471155554,1996.318814387884,0.0,0.0078125,2372.7039884938417,313.0831148705385,257.297,2643.893,2386.596,0.1319520329500854,0.0198597922594202,-2.494367407129109,9.495965238716057,0.0527537716730466,0.00390625,2406.63596802594,278.29665880432714,547.227,3407.807,2860.58,0.1156372058349157,0.0176985899105905,-1.435929918145784,2.9340648704973216,-0.0160714028371988,0.00390625,217.6193958703925,3.3098964857651643,216.14,265.14,49.0,0.0152095656387927,-0.0001145006349948,8.358559574568925,79.5444121296732,-0.0006545823012834,0.00390625,222.7479912634257,1.0339409644898567,221.72,229.82,8.099999999999994,0.0046417521371364,-6.410415000504984e-05,2.812565622592256,11.451193493526455,-0.0001540193650078,0.00390625,0.000939406903695,0.0105363995709795,0.0,0.48,0.48,11.216012496327297,-1.24344293140451e-07,15.125936957203384,317.4529583095993,-2.476919612699842e-06,0.0078125,0.0008421337056134,0.0095766080027259,0.0,0.31,0.31,11.371837914680864,-1.1115912444714025e-07,16.403931231925633,369.3327045311622,-1.8013960819635217e-06,0.00390625,Comunicación tubing-casing
0.8731824460070318,3.279231985703515,0.0,41.4,41.4,3.755494628527046,-0.0001179409649604,4.480456130540322,26.38824908726846,-0.0003170616857636,0.00390625,8.172046082370668,29.52237560464249,0.0,126.0,126.0,3.6126051305964006,-0.0011879752550808,3.371461782189608,9.428507688215907,-0.0035787160571338,0.00390625,293.3952159718734,1061.85489604524,0.0,4492.0,4492.0,3.619196354404892,-0.0423641515548946,3.368958603446811,9.392362414671384,-0.1273897347355203,0.00390625,4.043756278252134,14.568329897788248,0.0,128.4,128.4,3.602672588389831,-0.0005891478039205,3.4368791930402374,10.29163304658519,-0.0017485481086171,0.00390625,4.551136363636363,16.43205520317172,0.0,187.9,187.9,3.6105389709840487,-0.0006465992293761,3.513069877023057,11.473919390919832,-0.0018301679485167,0.00390625,0.0660942993470617,0.2345294117513799,0.0,1.0,1.0,3.548406051176423,-9.558703426318444e-06,3.301008410058596,9.02272274975376,-3.013655627060117e-05,0.00390625,3.0684643395278752,11.387637252457097,0.0,124.0,124.0,3.71118448592081,-0.0004262053006134,4.171360238246471,20.86941417398838,-0.0012242975984931,0.00390625,4.0,0.0,4.0,4.0,0.0,0.0,2.71315431986158e-19,,,0.0,0.0,1697.720153283526,150.86243986699034,0.0,1789.331,1789.331,0.088861783006587,0.0093842058738634,-6.992150860919913,69.53273190018821,0.0192958719196359,0.00390625,2130.06052539553,636.5405897381316,0.0,5496.205,5496.205,0.2988368556428379,-0.0489143270124333,1.8308557514177464,4.339909734210512,-0.0672760320200909,0.00390625,231.07970586388748,25.380413855983257,0.0,338.31,338.31,0.109834023550874,-0.0007185644208842,-3.183582546739816,39.93305102780349,-0.0018835347669125,0.00390625,220.20590061526872,17.43462150243973,0.0,248.4,248.4,0.0791741795007596,-0.0002683041489321,-10.097423713455978,126.60097286389356,-0.0004423167477632,0.00390625,0.0472594487694625,0.1420876893438151,0.0,2.815,2.815,3.006545633592478,-4.258042041162619e-06,7.066129582858452,88.11037531385986,-1.114424737089938e-05,0.00390625,0.0159802862882973,0.0417833916366618,0.0,1.117,1.117,2.614683547143993,-1.2263585433058618e-06,7.506413281519398,91.19625634443024,-2.2602417202950886e-06,0.00390625,Alta temperatura
12.099553137750146,1.0140285763245545,0.0,17.1,17.1,0.0838071096329023,7.26457768323434e-06,-6.367789776862459,84.05056962866273,-1.943068104537126e-05,0.0078125,113.38704099475424,7.964853154559762,0.0,114.0,114.0,0.0702448276688713,-3.644755407070899e-05,-13.50157732689764,183.7900247132085,0.0,0.0078125,4002.57285797552,282.25478492281644,0.0,4057.0,4057.0,0.070518337813738,-0.0014777883660423,-13.446558238965194,182.4667571852961,0.0002914602156805,0.0078125,66.98756557217797,5.911711321469942,0.0,90.8,90.8,0.0882508756808033,6.813506448039346e-05,-6.326934522626486,74.4076439878341,0.0001165840862722,0.0078125,68.19761025840295,5.993583158370298,0.0,92.5,92.5,0.0878855305290085,3.7247525114897126e-05,-6.215892550723725,74.83460929091325,-0.0001457301078402,0.0078125,0.977619972799689,0.0649778484877141,0.0,1.0,1.0,0.0664653447102066,2.4739976859597853e-07,-14.26706900275431,211.24827599228297,2.914602156805609e-06,0.0078125,47.323877987177,3.981768794762123,0.0,71.0,71.0,0.0841386835593024,5.143832537817474e-05,-6.359595413156181,82.82840382206983,9.71534052268532e-05,0.0078125,4.0,0.0,4.0,4.0,0.0,0.0,-7.564201510994954e-19,,,0.0,0.0,283.7152562657859,213.38222553498608,0.0,1784.544,1784.544,0.7520999340799936,-0.0499894500486754,0.2189006147778668,3.18773832178543,-0.038651413582046,0.00390625,2684.5212224596853,1893.679952671223,0.0,4212.621,4212.621,0.7054069592849572,-0.5193417608488128,-0.7063183286732674,-1.4969845532844603,-0.3890641212474497,0.00390625,186.065136972994,130.4160817947254,0.0,289.6,289.6,0.700916270056837,-0.0356557902877577,-0.724318685557456,-1.4725313448128476,-0.0269221801224132,0.00390625,148.9327093452497,104.366207823252,0.0,232.11,232.11,0.7007608219985749,-0.0285390356559427,-0.7260185535048518,-1.4723383961436864,-0.0215476537452637,0.00390625,0.3089572566543617,0.2245958333764238,0.0,0.874,0.874,0.7269479144413974,-6.020602493112394e-05,-0.5385930781163485,-1.4845563669650683,-3.75012144175653e-05,0.00390625,0.0703921701962308,0.051598713764123,0.0,0.69,0.69,0.7330178004213024,-1.4642871916072596e-05,-0.3469932457435608,0.4983109406384787,-1.088118138540755e-05,0.00390625,Taponamiento
25.771807985122333,15.190984016596754,0.0,64.4,64.4,0.5894419213959019,0.0005322566923601593,-1.0724115567114454,-0.7831486453244598,0.00010073614877954315,0.00390625,84.84946436527768,49.76607162009193,0.0,130.0,130.0,0.5865219302487115,0.001744141470101083,-1.0938445160105204,-0.7675400291416516,0.002090275087175513,0.00390625,1356.780941864745,794.6762190969292,0.0,2584.0,2584.0,0.5857070913781667,0.028067659061190745,-1.0996925146942267,-0.7571643654252207,0.03806664083688493,0.00390625,55.31508300885299,33.292765658374535,0.0,98.1,98.1,0.6018750013092476,0.0011496471535327524,-1.0046795544851526,-0.9250605228738706,3.099573808601389e-05,0.00390625,93.49337285213383,55.86226578059001,0.0,188.5,188.5,0.5974997379647433,0.001969539403768127,-1.023889333689393,-0.8826695870760966,0.0003293297171638897,0.00390625,0.4404870111001336,0.2577977529998684,0.0,1.0,1.0,0.5852561971260137,8.780412876428729e-06,-1.0999569408712253,-0.7354761571312389,1.356063541263056e-06,0.00390625,42.088684837566106,25.027552427044217,0.0,127.0,127.0,0.59463850019628,0.0008532581241465589,-1.0352175861870199,-0.8269152818608356,1.9372336303758232e-05,0.00390625,9999.0,0.0,9999.0,9999.0,0.0,0.0,-3.307402913240808e-16,,,0.0,0.0,2328.5454136494836,637.5686279226344,0.0,3387.501,3387.501,0.2738055372187848,-0.012366577713579081,-0.7848868040428059,3.727699923547676,-0.06359238667183263,0.00390625,3221.297006877046,580.9777520616127,0.0,4084.118,4084.118,0.18035522673671553,0.0069501484221313695,-5.322011420378942,26.54150199999428,-0.06340133669120496,0.00390625,250.9747902985219,51.484762098573086,0.0,280.4,280.4,0.2051391776733215,0.0013849673765633425,-3.6443087216674077,14.726054314338054,-0.004110809763657497,0.00390625,215.9011109819647,39.14676998575258,0.0,226.51,226.51,0.1813180571776803,0.0006322470037957912,-5.224570297211303,25.87900385068596,-0.0041183649748159626,0.00390625,0.46843038685806165,0.2915326869112323,0.0,2.598,2.598,0.6223607500500798,8.11102532036318e-06,-0.48610186222639457,-0.3063547958864863,-1.1623401782258177e-07,0.00390625,0.2857099436275934,0.1707336147972464,0.0,1.074,1.074,0.5975767333452977,6.016320919942519e-06,-0.6805264720755232,-1.1205399792916355,-4.45563734986443e-07,0.00390625,Desbalance de fases
